<?xml version="1.0" encoding="UTF-8"?>
<beans xmlns="http://www.springframework.org/schema/beans"
	xmlns:xsi="http://www.w3.org/2001/XMLSchema-instance"
	xmlns:context="http://www.springframework.org/schema/context"
	xmlns:mybatis-spring="http://mybatis.org/schema/mybatis-spring"
	xsi:schemaLocation="http://mybatis.org/schema/mybatis-spring http://mybatis.org/schema/mybatis-spring-1.2.xsd
		http://www.springframework.org/schema/beans https://www.springframework.org/schema/beans/spring-beans.xsd
		http://www.springframework.org/schema/context http://www.springframework.org/schema/context/spring-context-4.3.xsd">
	
	<!-- Root Context: defines shared resources visible to all other web components -->
	
	<!-- ja : mybatis 설정... -->
	<!-- DataSource 인스턴스 생성 및 등록 -->
	<bean id="dataSource" class="org.apache.commons.dbcp.BasicDataSource" destroy-method="close">
		<property name="driverClassName" 
		value="oracle.jdbc.driver.OracleDriver"></property>
		<property name="url" value="jdbc:oracle:thin:@13.124.187.10:1521:xe"></property>
		<property name="username" value="scott"></property>
		<property name="password" value="tiger"></property>
	</bean>	
	<bean id="sqlSessionFactory" 
		class="org.mybatis.spring.SqlSessionFactoryBean">
		<property name="dataSource" ref="dataSource"/>
	</bean>
	

	<mybatis-spring:scan base-package="com.br.law.mapper.*"/>


	<!-- 메일 전송 관련 라이브러리 세팅... -->
	<bean id="mailSender" class="org.springframework.mail.javamail.JavaMailSenderImpl">
		<property name="host" value="smtp.gmail.com" />
		<property name="port" value="587" />
		<property name="username" value="s001apitest@gmail.com" />
		<property name="password" value="lrstijzqeqifkdmn" />
		<!-- email 요청시는 SMTP -->
		<property name="javaMailProperties">
		<props>
			<prop key="mail.transport.protocol">smtp</prop>
			<prop key="mail.smtp.auth">true</prop>
			<prop key="mail.smtp.starttls.enable">true</prop>
			<prop key="mail.debug">false</prop>
			<prop key="mail.smtp.ssl.trust">smtp.gmail.com</prop>
			<prop key="mail.smtp.ssl.protocols">TLSv1.2</prop>
		</props>
		</property>
	</bean>
	<context:component-scan base-package="com.br.law.service.*"></context:component-scan>
</beans>
