<?xml version="1.0" encoding="UTF-8"?>
<beans:beans xmlns="http://www.springframework.org/schema/mvc"
	xmlns:xsi="http://www.w3.org/2001/XMLSchema-instance"
	xmlns:beans="http://www.springframework.org/schema/beans"
	xmlns:context="http://www.springframework.org/schema/context"
	xsi:schemaLocation="http://www.springframework.org/schema/mvc https://www.springframework.org/schema/mvc/spring-mvc.xsd
		http://www.springframework.org/schema/beans https://www.springframework.org/schema/beans/spring-beans.xsd
		http://www.springframework.org/schema/context https://www.springframework.org/schema/context/spring-context.xsd">

	<!-- DispatcherServlet Context: defines this servlet's request-processing infrastructure -->
	
	<!-- Enables the Spring MVC @Controller programming model -->
	<annotation-driven />

	<!-- Handles HTTP GET requests for /resources/** by efficiently serving up static resources in the ${webappRoot}/resources directory -->
	<resources mapping="/resources/**" location="/resources/" />
	<resources mapping="/assets/**" location="/resources/assets/" /> 
	<resources mapping="/ad_assets/**" location="/resources/ad_assets/" />

	<!-- Resolves views selected for rendering by @Controllers to .jsp resources in the /WEB-INF/views directory -->
	<beans:bean class="org.springframework.web.servlet.view.InternalResourceViewResolver">
		<beans:property name="prefix" value="/WEB-INF/views/" />
		<beans:property name="suffix" value=".jsp" />
	</beans:bean>
	
	<!-- ja : 수정 -->
	<context:component-scan base-package="com.br.law.controller.*" />
	
	<!-- ja : 파일 업로드 관련 빈 등록 -->
	<beans:bean id="multipartResolver" 
	class="org.springframework.web.multipart.commons.CommonsMultipartResolver">
		<beans:property name="maxUploadSize" value="100000000"></beans:property>
	</beans:bean>
	
	
	<!-- 인터셉터 설정... 필터 개념... -->
	<!-- 유저 인터셉터 -->
	<interceptors>
		<interceptor>
			<!-- 1 -->
			<mapping path="/user/applicationClause"/>
			<mapping path="/user/applicationDisqualification"/>
			
			<!-- 2 -->
			<mapping path="/user/userDetail"/>
			<mapping path="/user/fileUpload"/>
			<mapping path="/user/license"/>
			<mapping path="/user/univ"/>
			<mapping path="/user/carrer"/>
			<mapping path="/user/identityVerificate"/>
			<mapping path="/user/myInfo"/>
			<mapping path="/user/myInfo"/>
			<mapping path="/user/modifyPassword"/>
			<mapping path="/user/withdrawal"/>
			<mapping path="/user/myApplication"/>
			<mapping path="/user/myActive"/>
			<mapping path="/user/myPause"/>
			
			<!-- 3 -->
			<beans:bean class="com.br.law.interceptor.SessionInterceptor"></beans:bean>
			
			
		</interceptor>
	</interceptors>	
	<!-- 어드민 인터셉터 -->
	<interceptors>
		<interceptor>
			<mapping path="/admin/selUserList"/>
			<mapping path="/admin/selUserListDetail"/>
			
			<!-- 하다 -->
			<mapping path="/admin/managementEvaluationtable"/>
			<mapping path="/admin/evaluationApplicantsList"/>
			<mapping path="/admin/evaluationApplicants"/>
			
			<!-- 22.10.07 병훈 -->
			<mapping path="/admin/registrationList"/>
			<mapping path="/admin/searchCondition"/>
			
			<beans:bean class="com.br.law.interceptor.AdminSessionInterceptor"></beans:bean>
		</interceptor>
	</interceptors>	
	
</beans:beans>
